notice_id,ocid,title,buyer,form_label,release_date,published_label,published_utc_minute,explicit_sections,effective_sections,reported_change_count,multi_section,multi_effective_section,receipt_deadline_date_change,finance_section_change,technical_section_change,deadline_and_finance_or_technical,deadline_and_both_finance_and_technical,notice_url
035611-2024,ocds-h6vhtk-049812,HFEA Transformation Project - Dynamics 365 & SharePoint,Department of Health and Social Care,F14: Notice for changes or additional information,2024-11-04T10:52:26Z,"Published 4 November 2024, 10:52am",2024-11-04T10:52:00Z,I.1;I.1.1;I.1.3,I.1;I.1.1;I.1.3,3,True,True,False,False,False,False,False,https://www.find-tender.service.gov.uk/Notice/035611-2024
035671-2024,ocds-h6vhtk-04b13b,Tools and Spare Parts,THAMES WATER UTILITIES LIMITED,F14: Notice for changes or additional information,2024-11-04T15:16:15Z,"Published 4 November 2024,  3:16pm",2024-11-04T15:16:00Z,IV.2.2,IV.2.2,1,False,False,True,False,False,False,False,https://www.find-tender.service.gov.uk/Notice/035671-2024
035828-2024,ocds-h6vhtk-04b34e,Provision of Non-Recyclable Household Waste Acceptance and Recovery Services (5 Lots),Lancashire County Council,F14: Notice for changes or additional information,2024-11-05T15:32:30Z,"Published 5 November 2024,  3:32pm",2024-11-05T15:32:00Z,IV.2.2,IV.2.2,1,False,False,True,False,False,False,False,https://www.find-tender.service.gov.uk/Notice/035828-2024
035858-2024,ocds-h6vhtk-04ac71,Control Tower Building Systems,Epping Forest District Council,F14: Notice for changes or additional information,2024-11-05T19:05:05Z,"Published 5 November 2024,  7:05pm",2024-11-05T19:05:00Z,IV.2.2,IV.2.2,1,False,False,True,False,False,False,False,https://www.find-tender.service.gov.uk/Notice/035858-2024
035887-2024,ocds-h6vhtk-03cfd4,CCS028 Therapeutic Assessment to Support Education and Health Care Plan Delivery,Derbyshire County Council,F14: Notice for changes or additional information,2024-11-06T11:01:35Z,"Published 6 November 2024, 11:01am",2024-11-06T11:01:00Z,V,V,4,False,False,False,False,False,False,False,https://www.find-tender.service.gov.uk/Notice/035887-2024
035899-2024,ocds-h6vhtk-04b42f,Provision of Tier 2 Community Family Support Service,Staffordshire County Council,F14: Notice for changes or additional information,2024-11-06T11:49:22Z,"Published 6 November 2024, 11:49am",2024-11-06T11:49:00Z,II.1.5,II.1.5,1,False,False,False,False,False,False,False,https://www.find-tender.service.gov.uk/Notice/035899-2024
035905-2024,ocds-h6vhtk-0469be,"NRW Respacing, cleaning and weeding framework",Natural Resources Wales,F14: Notice for changes or additional information,2024-11-06T12:18:11Z,"Published 6 November 2024, 12:18pm",2024-11-06T12:18:00Z,,,0,False,False,False,False,False,False,False,https://www.find-tender.service.gov.uk/Notice/035905-2024
035918-2024,ocds-h6vhtk-04b44b,PROVISION OF TREE SURGERY SERVICES,Antrim and Newtownabbey Borough Council,F14: Notice for changes or additional information,2024-11-06T13:04:24Z,"Published 6 November 2024,  1:04pm",2024-11-06T13:04:00Z,II.2.7,II.2.7,1,False,False,False,False,False,False,False,https://www.find-tender.service.gov.uk/Notice/035918-2024
035951-2024,ocds-h6vhtk-04a3f2,The Walking and Cycling Index Residents’ Survey 2025,Sustrans,F14: Notice for changes or additional information,2024-11-06T15:01:47Z,"Published 6 November 2024,  3:01pm",2024-11-06T15:01:00Z,,,0,False,False,False,False,False,False,False,https://www.find-tender.service.gov.uk/Notice/035951-2024
035965-2024,ocds-h6vhtk-04a562,Family Hubs Services Lot 1 Family Hubs Core & Family Support provision & Lot 2 Family Hubs Day Care provision,The Borough Council of Calderdale,F14: Notice for changes or additional information,2024-11-06T15:58:16Z,"Published 6 November 2024,  3:58pm",2024-11-06T15:58:00Z,iv.2.2,iv.2.2,1,False,False,False,False,False,False,False,https://www.find-tender.service.gov.uk/Notice/035965-2024
036024-2024,ocds-h6vhtk-04b19e,Main Contractor Framework,Hyde Housing Association Ltd,F14: Notice for changes or additional information,2024-11-07T10:13:16Z,"Published 7 November 2024, 10:13am",2024-11-07T10:13:00Z,IV.2.2,IV.2.2,1,False,False,False,False,False,False,False,https://www.find-tender.service.gov.uk/Notice/036024-2024
036034-2024,ocds-h6vhtk-04b354,"Construction of a new two-storey sports pavilion, ground works for new Hook Shed building, car parking and associated external works.",Hook Parish Council,F14: Notice for changes or additional information,2024-11-07T10:52:20Z,"Published 7 November 2024, 10:52am",2024-11-07T10:52:00Z,,,0,False,False,False,False,False,False,False,https://www.find-tender.service.gov.uk/Notice/036034-2024
036058-2024,ocds-h6vhtk-04b399,UKRI-4082 Design Supply Deliver and Commission of Split Pair 10Tesla Superconducting Magnetic System,UK Research & Innovation,F14: Notice for changes or additional information,2024-11-07T12:05:16Z,"Published 7 November 2024, 12:05pm",2024-11-07T12:05:00Z,I.3),I.3),1,False,False,False,False,False,False,False,https://www.find-tender.service.gov.uk/Notice/036058-2024
036082-2024,ocds-h6vhtk-04b408,Suffolk and North East Essex Long Covid and Myalgic Encephalomyelitis/Chronic Fatigue Syndrome (ME&CFS) Combined Service,NHS Suffolk and North East Essex ICB,F14: Notice for changes or additional information,2024-11-07T12:44:23Z,"Published 7 November 2024, 12:44pm",2024-11-07T12:44:00Z,,,0,False,False,False,False,False,False,False,https://www.find-tender.service.gov.uk/Notice/036082-2024
036138-2024,ocds-h6vhtk-0447f2,Renewal of the North Wales Domiciliary Care Agreement.,Denbighshire County Council,F14: Notice for changes or additional information,2024-11-07T15:23:26Z,"Published 7 November 2024,  3:23pm",2024-11-07T15:23:00Z,IV.2.2,IV.2.2,1,False,False,True,False,False,False,False,https://www.find-tender.service.gov.uk/Notice/036138-2024
036151-2024,ocds-h6vhtk-04b3a9,ANDBC Pre-Qualification Questionnaire - Provision of Integrated Consultancy Services for Urban Waterfront and Public Realm under Bangor Waterfront Redevelopment,Ards and North Down Borough Council,F14: Notice for changes or additional information,2024-11-07T16:02:53Z,"Published 7 November 2024,  4:02pm",2024-11-07T16:02:00Z,II.2.2),II.2.2),1,False,False,False,False,False,False,False,https://www.find-tender.service.gov.uk/Notice/036151-2024
036158-2024,ocds-h6vhtk-041065,YPO 001166 - Framework for International Recruitment of Social Work Roles and Associated Services,YPO,F14: Notice for changes or additional information,2024-11-07T16:20:06Z,"Published 7 November 2024,  4:20pm",2024-11-07T16:20:00Z,IV.2.2;IV.2.7,IV.2.2;IV.2.7,2,True,True,True,False,False,False,False,https://www.find-tender.service.gov.uk/Notice/036158-2024
036189-2024,ocds-h6vhtk-04b34a,Calderdale - Online Mental Health & Emotional Wellbeing Service,NHS West Yorkshire Integrated Care Board,F14: Notice for changes or additional information,2024-11-08T08:58:37Z,"Published 8 November 2024,  8:58am",2024-11-08T08:58:00Z,II.1.7;V1.3,II.1.7;V1.3,2,True,True,False,False,False,False,False,https://www.find-tender.service.gov.uk/Notice/036189-2024
036191-2024,ocds-h6vhtk-04b4e7,Automated Immunohaematology System [1689401],Procurement and Logistics Service,F14: Notice for changes or additional information,2024-11-08T09:07:43Z,"Published 8 November 2024,  9:07am",2024-11-08T09:07:00Z,V.2.4),V.2.4),1,False,False,False,False,False,False,False,https://www.find-tender.service.gov.uk/Notice/036191-2024
036195-2024,ocds-h6vhtk-04a6be,Dropped Foot Stimulator and Associated Consumables,Shropshire Healthcare Procurement Service,F14: Notice for changes or additional information,2024-11-08T09:30:06Z,"Published 8 November 2024,  9:30am",2024-11-08T09:30:00Z,IV.2.2;IV.2.7,IV.2.2;IV.2.7,2,True,True,True,False,False,False,False,https://www.find-tender.service.gov.uk/Notice/036195-2024
036197-2024,ocds-h6vhtk-04b222,MARKET TESTING - Re-Use at Essex County Council,Essex County Council,F14: Notice for changes or additional information,2024-11-08T09:53:45Z,"Published 8 November 2024,  9:53am",2024-11-08T09:53:00Z,II.2.4,II.2.4,1,False,False,False,False,False,False,False,https://www.find-tender.service.gov.uk/Notice/036197-2024
036198-2024,ocds-h6vhtk-04b4dd,Grounds Maintenance and Associated Services,City of Lincoln,F14: Notice for changes or additional information,2024-11-08T09:55:08Z,"Published 8 November 2024,  9:55am",2024-11-08T09:55:00Z,II.1.4,II.1.4,1,False,False,False,False,False,False,False,https://www.find-tender.service.gov.uk/Notice/036198-2024
036205-2024,ocds-h6vhtk-04ad73,Invitation to Tender  for the construction of the Hereford Railway Station Transport Hub,Herefordshire Council,F14: Notice for changes or additional information,2024-11-08T10:22:30Z,"Published 8 November 2024, 10:22am",2024-11-08T10:22:00Z,IV.2.2,IV.2.2,1,False,False,True,False,False,False,False,https://www.find-tender.service.gov.uk/Notice/036205-2024
036206-2024,ocds-h6vhtk-04ad73,Invitation to Tender  for the construction of the Hereford Railway Station Transport Hub,Herefordshire Council,F14: Notice for changes or additional information,2024-11-08T10:29:53Z,"Published 8 November 2024, 10:29am",2024-11-08T10:29:00Z,11.2.7,11.2.7,1,False,False,False,False,False,False,False,https://www.find-tender.service.gov.uk/Notice/036206-2024
036242-2024,ocds-h6vhtk-047211,"Regent Street, Piccadilly, Haymarket - Public Realm Design",capitalEsourcing,F14: Notice for changes or additional information,2024-11-08T12:27:30Z,"Published 8 November 2024, 12:27pm",2024-11-08T12:27:00Z,II.1.5;II.2.4;II.2.7,II.1.5;II.2.4;II.2.7,3,True,True,False,False,False,False,False,https://www.find-tender.service.gov.uk/Notice/036242-2024
036298-2024,ocds-h6vhtk-042da0,NHS Devon - High Intensity Use Service to Torbay and South Devon NHS Foundation Trust,NHS Devon Integrated Care Board,F14: Notice for changes or additional information,2024-11-08T15:15:23Z,"Published 8 November 2024,  3:15pm",2024-11-08T15:15:00Z,V.2.1,V.2.1,1,False,False,False,False,False,False,False,https://www.find-tender.service.gov.uk/Notice/036298-2024
036300-2024,ocds-h6vhtk-04b51e,"Venue Hire, Graduation Ceremonies",Cardiff Metropolitan University,F14: Notice for changes or additional information,2024-11-08T15:26:20Z,"Published 8 November 2024,  3:26pm",2024-11-08T15:26:00Z,,,0,False,False,False,False,False,False,False,https://www.find-tender.service.gov.uk/Notice/036300-2024
036312-2024,ocds-h6vhtk-0470d3,South Norfolk Council: Customer Relation Management Software Package,South Norfolk Council,F14: Notice for changes or additional information,2024-11-08T15:56:37Z,"Published 8 November 2024,  3:56pm",2024-11-08T15:56:00Z,III.1.2;III.1.3;IV.2.2,III.1.2;III.1.3;IV.2.2,3,True,True,True,True,True,True,True,https://www.find-tender.service.gov.uk/Notice/036312-2024
036322-2024,ocds-h6vhtk-049631,Generation 5 Geotechnical and Geoenvironmental Framework 2025-2029,HAMPSHIRE COUNTY COUNCIL,F14: Notice for changes or additional information,2024-11-08T16:06:28Z,"Published 8 November 2024,  4:06pm",2024-11-08T16:06:00Z,IV.2.2,IV.2.2,1,False,False,True,False,False,False,False,https://www.find-tender.service.gov.uk/Notice/036322-2024
036326-2024,ocds-h6vhtk-04b52a,Shared Lives Service,Lincolnshire County Council,F14: Notice for changes or additional information,2024-11-08T16:23:09Z,"Published 8 November 2024,  4:23pm",2024-11-08T16:23:00Z,I.3,I.3,1,False,False,False,False,False,False,False,https://www.find-tender.service.gov.uk/Notice/036326-2024
