scenario_id,as_of,record_kind,task_id,affected,applied,already_aligned,expected_action,task_version_before,task_version_after,expected_status,expected_due_at,expected_notes,expected_task_sha256,evidence_ids_json,rule_ids_json,intended_patch_json
baseline,2024-11-08T15:56:37Z,acceptance_target,T1,1,1,0,update,1,2,ready,2024-12-09T16:00:00Z,Illustrative submission task for the SQ / request-to-participate stage.,d474fb04a6054b367ccc3acdbcf7d06cd7bfa41a69be90234519921113563689,"[""C1""]","[""R1""]","{""due_at"":""2024-12-09T16:00:00Z""}"
baseline,2024-11-08T15:56:37Z,acceptance_target,T2,1,1,0,update,1,2,review_required,,Illustrative sign-off: turnover threshold reviewed against notice 035490-2024.,f711a326ea71111fe028c784638b2609e9f1637d6794d524de0ee0d9cbeb0171,"[""C2""]","[""R2""]","{""status"":""review_required""}"
baseline,2024-11-08T15:56:37Z,acceptance_target,T3,1,1,0,update,1,2,review_required,,Illustrative sign-off: three relevant technical examples reviewed.,1381099704b1e5f3fc9e187d5511a7f7391093417bed14e0068f6b4fa88a97bb,"[""C3""]","[""R2""]","{""status"":""review_required""}"
baseline,2024-11-08T15:56:37Z,acceptance_target,T4,1,1,0,update,1,2,blocked,,Illustrative final sign-off against notice 035490-2024.,ba4ed2ce464358e3faf9533400ba6572013ba6a0f1be85b6e7def7026a54acee,"[""C2"",""C3""]","[""R2"",""R3"",""R4""]","{""status"":""blocked""}"
baseline,2024-11-08T15:56:37Z,acceptance_target,T5,1,1,0,create,0,1,open,,Request the applicable SQ and accompanying guidance through In-tend; shared dependency for III.1.2 and III.1.3.,90073575dd8c53d3a802316820be2eccf2710fc0c643b7fe0356f0f703638503,"[""C2"",""C3""]","[""R2"",""R4""]","{""due_at"":null,""notes"":""Request the applicable SQ and accompanying guidance through In-tend; shared dependency for III.1.2 and III.1.3."",""prior_approval_notice_id"":null,""status"":""open"",""title"":""Obtain applicable SQ and guidance""}"
baseline,2024-11-08T15:56:37Z,acceptance_target,T6,0,0,0,preserved,1,1,done,,Illustrative completed diagram; scope dependency II.2.4.,fd954562881fe5a80369b89ccbcb2666b178df462da92397890bd087b9bbcc24,[],"[""R3""]",{}
after_user_edit,2024-11-08T15:56:37Z,acceptance_target,T1,1,1,0,update,1,2,ready,2024-12-09T16:00:00Z,Illustrative submission task for the SQ / request-to-participate stage.,d474fb04a6054b367ccc3acdbcf7d06cd7bfa41a69be90234519921113563689,"[""C1""]","[""R1""]","{""due_at"":""2024-12-09T16:00:00Z""}"
after_user_edit,2024-11-08T15:56:37Z,acceptance_target,T2,1,0,1,already_aligned,2,2,review_required,,Illustrative sign-off: turnover threshold reviewed against notice 035490-2024. Finance review reopened; awaiting the applicable SQ guidance.,142fef9503805ada8d5a6befde30262302dbc5bca008a0f948dd2ea3767206cf,"[""C2""]","[""R2""]",{}
after_user_edit,2024-11-08T15:56:37Z,acceptance_target,T3,1,1,0,update,1,2,review_required,,Illustrative sign-off: three relevant technical examples reviewed.,1381099704b1e5f3fc9e187d5511a7f7391093417bed14e0068f6b4fa88a97bb,"[""C3""]","[""R2""]","{""status"":""review_required""}"
after_user_edit,2024-11-08T15:56:37Z,acceptance_target,T4,1,1,0,update,1,2,blocked,,Illustrative final sign-off against notice 035490-2024.,ba4ed2ce464358e3faf9533400ba6572013ba6a0f1be85b6e7def7026a54acee,"[""C2"",""C3""]","[""R2"",""R3"",""R4""]","{""status"":""blocked""}"
after_user_edit,2024-11-08T15:56:37Z,acceptance_target,T5,1,1,0,create,0,1,open,,Request the applicable SQ and accompanying guidance through In-tend; shared dependency for III.1.2 and III.1.3.,90073575dd8c53d3a802316820be2eccf2710fc0c643b7fe0356f0f703638503,"[""C2"",""C3""]","[""R2"",""R4""]","{""due_at"":null,""notes"":""Request the applicable SQ and accompanying guidance through In-tend; shared dependency for III.1.2 and III.1.3."",""prior_approval_notice_id"":null,""status"":""open"",""title"":""Obtain applicable SQ and guidance""}"
after_user_edit,2024-11-08T15:56:37Z,acceptance_target,T6,0,0,0,preserved,1,1,done,,Illustrative completed diagram; scope dependency II.2.4.,fd954562881fe5a80369b89ccbcb2666b178df462da92397890bd087b9bbcc24,[],"[""R3""]",{}
