ocid,dependency_id,task_id,target_type,target_id,relation,active_from_notice_id,as_of,provenance_class
ocds-h6vhtk-0470d3,L01,T1,notice_section,IV.2.2,monitors_section,035490-2024,2024-11-08T15:56:37Z,illustrative
ocds-h6vhtk-0470d3,L02,T2,notice_section,III.1.2,monitors_section,035490-2024,2024-11-08T15:56:37Z,illustrative
ocds-h6vhtk-0470d3,L03,T3,notice_section,III.1.3,monitors_section,035490-2024,2024-11-08T15:56:37Z,illustrative
ocds-h6vhtk-0470d3,L04,T6,notice_section,II.2.4,monitors_section,035490-2024,2024-11-08T15:56:37Z,illustrative
ocds-h6vhtk-0470d3,L05,T5,notice_section,III.1.2,monitors_section,036312-2024,2024-11-08T15:56:37Z,illustrative
ocds-h6vhtk-0470d3,L06,T5,notice_section,III.1.3,monitors_section,036312-2024,2024-11-08T15:56:37Z,illustrative
ocds-h6vhtk-0470d3,L07,T4,task,T2,requires_review,035490-2024,2024-11-08T15:56:37Z,illustrative
ocds-h6vhtk-0470d3,L08,T4,task,T3,requires_review,035490-2024,2024-11-08T15:56:37Z,illustrative
ocds-h6vhtk-0470d3,L09,T2,document,D1,requires_document,036312-2024,2024-11-08T15:56:37Z,illustrative
ocds-h6vhtk-0470d3,L10,T3,document,D1,requires_document,036312-2024,2024-11-08T15:56:37Z,illustrative
ocds-h6vhtk-0470d3,L11,T4,document,D1,requires_document,036312-2024,2024-11-08T15:56:37Z,illustrative
ocds-h6vhtk-0470d3,L12,T5,document,D1,collects_document,036312-2024,2024-11-08T15:56:37Z,illustrative
ocds-h6vhtk-0470d3,L13,T2,document,D2,retains_asset,035490-2024,2024-11-08T15:56:37Z,illustrative
ocds-h6vhtk-0470d3,L14,T3,document,D3,retains_asset,035490-2024,2024-11-08T15:56:37Z,illustrative
ocds-h6vhtk-0470d3,L15,T3,document,D4,retains_asset,035490-2024,2024-11-08T15:56:37Z,illustrative
ocds-h6vhtk-0470d3,L16,T3,document,D5,retains_asset,035490-2024,2024-11-08T15:56:37Z,illustrative
ocds-h6vhtk-0470d3,L17,T6,document,D6,retains_asset,035490-2024,2024-11-08T15:56:37Z,illustrative
